lambda_gram,embedding
transfer,10010010011
shall,10101110100
take,10110011100
place,11110011011
manner,11000010000
data,00101100011
needed,11011000000
perform,11010000111
fourier,01110101111
transform,10010010000
showsup,10101010010
single,10101011000
processor,11111110000
backend,00011100100
tofrom,10010001001
monitor,11001010000
control,00101000111
interface,01001001000
receive,11101110100
via,10011000010
mc,11000111011
state,10111110110
count,00101010111
produced,11111010011
correlator,00101011111
valid,10011011011
counts,00101010010
quantizer,11101000100
power,11110101010
measurement,11000101001
filter,01111110010
parameters,11010110000
frequency,01110111010
shift,10101110110
windowing,10001110111
observational,11011110000
mode,11001110100
specific,10111001100
current,00101111000
evla,01101011000
processing,11111110001
lag,01000100100
values,10011001011
metadata,11001100111
necessary,11001000001
format,01110100000
results,10100000000
delivery,00100111111
ee,01100101010
operational,11011100010
status,10111111110
includes,01011111111
frame,01110101110
destination,00100011110
addresses,00000100101
address,00000100100
changes,00110011110
error,01101010011
warning,10001001000
provide,11111000110
reports,11100110011
operating,11011100111
conditions,00111010001
warrant,10001011000
debugtest,00100100101
messages,11001100010
several,10101111100
optionally,11010100001
selectable,10100100011
levels,01000010011
printed,11111101001
detailing,00100011011
critical,00101111110
locations,01000000101
system,10110010001
formatted,01110100011
output,11010101010
deliver,00100111010
final,01111110111
produce,11111010001
archiving,00011000111
currently,00101101000
expected,01111000000
form,01111100000
compatible,00111101101
aips,00001111001
sets,10101111101
acknowledge,00000010011
receipt,11101110101
received,11101111100
notify,11011010010
detected,00100011000
interruptions,01001010101
verify,10011000100
successful,10110101111
internal,01001011011
guarantee,01010000011
safe,10100010111
frames,01110101011
able,00000000011
handle,01010001110
less,01000110000
maximum,11000111110
size,10101001110
value,10011001001
incoming,01011111100
packets,11010110100
network,11011000111
part,11010010001
checking,00110010010
errors,01101010010
determining,00100001010
accumulation,00000011100
statistics,10111111111
comparison,00111100101
tolerances,10010011000
reporting,11100110010
tolerance,10010001000
input,01011001111
management,11000010010
store,10111101110
records,11101101110
memory,11000100010
buffer,00010010111
track,10010011100
complete,00111101001
report,11100110111
overflow,11010101000
respond,11100001111
user,10011110010
optional,11010100000
sequence,10101101010
andor,00001011111
parameter,11010110001
external,01111001111
inputs,01011001101
affect,00001101101
pipeline,11110011001
update,10011111000
tables,10110010111
synchronize,10110010000
operations,11011100011
srs,10111011100
new,11011001100
time,10010001101
series,10101101001
assembly,00011011000
assemble,00011001000
continuous,00101000110
integrity,01001000001
verification,10011001100
ensure,01101111111
correctly,00101011001
ordered,11010100110
contains,00111000001
along,00001110011
entire,01101110101
extent,01111001101
compare,00111100110
invalid,01001010001
replace,11100111011
zero,10001100111
keep,01001100101
invalids,01001010000
normalization,11011011101
apply,00001000110
normalizations,11011011100
based,00010100000
reported,11100110110
coarse,00110111011
quantization,11101000101
correction,00101001000
corrections,00101011000
vanvleck,10011001010
stamp,10111010110
adjustment,00000100010
make,11000011110
adjustments,00000100011
required,11100010110
arise,00011001100
recirculation,11101111110
used,10011110111
prior,11111111001
subsequent,10110101100
narrow,11001001101
band,00011100110
rfi,10100001010
mitigation,11001111111
post,11110111010
applied,00001000111
convolution,00101001110
domain,01100010111
selected,10100100001
processes,11111110011
constructed,00111000101
chainable,00110011001
process,11111110110
piped,11110011000
including,01011111101
replica,11100111101
self,10101100001
repeatable,11100111001
chain,00110011000
yet,10001100101
proposed,11111001110
set,10101111111
poweroftwo,11110101110
complextocomplex,00111111001
fast,01111011101
retention,10100000011
positive,11110111101
negative,11011000011
frequencies,01110111011
must,11001011000
accept,00000000101
integration,01001000000
sum,10110111000
spectral,10111001000
amount,00001010101
duration,01100111100
summation,10110111001
controlled,00101000101
obtained,11011110010
number,11011010011
samplesdumps,10100010011
integrated,01011000000
channel,00110011101
occur,11011110110
none,11011001011
long,11000000001
periods,11110000001
throttle,10010000101
rate,11101011000
manageable,11000010111
formatting,01110100010
combine,00110100111
finished,01111111111
spectra,10111001001
meta,11001100110
auxiliary,00011111001
suitably,10110101000
entities,01101110111
backup,00011100111
disk,01100000101
buffering,00010010101
ready,11101010010
transmission,10010110001
occurred,11011110111
send,10101100101
sent,10101101111
successfully,10110101110
io,01001110111
performance,11010000110
rates,11101011001
accumulate,00000011101
compute,00111110100
overall,11010101001
trap,10010110011
flag,01111101001
repair,11100111000
infs,01011011010
nans,11001001111
underflows,10010100101
overflows,11010111000
computation,00111111101
periodically,11110000000
upon,10011111110
request,11100010000
check,00110010110
pids,11110001011
assure,00011010100
started,10111110011
tasks,10110011001
alive,00001111111
running,10100010101
missing,11001111110
stopped,10111101011
defunct,00100101001
damaged,00101100111
processors,11111010000
physical,11110001010
responding,11100001101
crashed,00101110011
unresponsive,10011101010
networks,11011000101
communication,00111100001
connections,00111011110
intact,01011000011
functioning,01110010110
nonfunctioning,11011011001
components,00111111110
start,10111110001
initiate,01011011000
task,10110011011
stop,10111101001
signal,10101010100
kill,01001100000
alter,00001110000
priority,11111111010
reboot,11101110010
offload,11011111001
redistribute,11101100111
involve,01001110011
change,00110011011
ip,01001110101
general,01110011100
violate,10001000011
archive,00011000110
requirements,11100010101
reversible,10100001111
raw,11101011010
unconverted,10010100100
always,00001010110
recoverable,11101101101
construct,00111000100
specifications,10111001110
req,11100110000
queue,11101001111
entry,01101110011
record,11101101011
contain,00111000010
information,01011011111
properly,11111001000
plus,11110010001
storage,10111101010
processed,11111110010
converted,00101001101
names,11001001110
positions,11110111100
adjustable,00000100110
fixed,01111101000
applications,00001000101
flags,01111101010
table,10110010110
identify,01010100111
various,10011001111
relating,11100100101
response,11100001100
internally,01001011010
externally,01111001110
generated,01110011110
coordinates,00101001010
etc,01101010100
translatable,10010110000
text,10110000001
message,11001100001
source,10111000011
applicable,00001001100
failure,01111011011
component,00111111010
eg,01100100010
drive,01100110000
recovery,11101101100
action,00000110011
result,11100000000
functional,01110010000
maintain,11000001001
fidelity,01111010010
dynamic,01100111101
range,11101001001
across,00000010000
manipulation,11000010001
functions,01110010111
handling,01010001011
capable,00010000101
flagging,01111101011
king,01000100000
corrupted,00101011100
segments,10100100110
proceeding,11111110101
without,10001111010
interruption,01001010100
effect,01100101110
limited,01000011111
partial,11010010011
infinities,01011011101
whether,10001110001
arising,00011001101
hardware,01010011000
accepting,00000001100
aggregate,00001101000
stream,10111100101
minimum,11001111010
done,01100010110
simultaneously,10101011001
necessarily,11001000011
interconnects,01001001110
initial,01011011001
deployment,00100110110
specification,10111001111
increased,01011110111
delivering,00100111110
mbytessec,11000111010
resends,11100011110
simultaneous,10101011011
stored,10111101111
due,01100110111
previous,11111101101
connection,00111011111
outage,11010101110
cpu,00101110001
total,10010011111
capability,00010000100
combination,00110100100
numbers,11011010001
individual,01011010011
speed,10111011000
sufficient,10110101011
accomplish,00000011000
avoiding,00011101110
loss,11000000111
delay,00100111000
streams,10111100110
tbd,10110011000
access,00000001101
speeds,10111011001
dat,00101100010
availability,00011111000
code,00110111001
os,11010101111
important,01011101001
autocorrection,00011111101
selfmonitoring,10101100110
detecting,00100001000
automatically,00011111010
taking,10110011111
remedy,11100101110
lessen,01000010000
impact,01011100010
following,01111100101
types,10010111010
abnormal,00000000010
hangs,01010001001
crashes,00101110010
computational,00111111100
communications,00111100011
failures,01111011010
disruptions,01100001110
software,10101000011
withou,10001111110
cache,00010011011
predetermined,11110100110
first,01111111001
encounter,01101101110
unavailable,10010101101
requested,11100010001
cached,00010011001
standby,10111010000
sit,10101001000
idle,01010100010
resume,10100000001
minimal,11001101001
accessibility,00000001110
interconnect,01001001111
readily,11101010111
accessible,00000001010
maintenance,11000011010
replacement,11100111110
reconfiguration,11101101001
security,10100100100
needs,11011000001
robust,10100001000
mechanism,11000101011
unauthorized,10010101111
users,10011010111
allowed,00001110111
authorized,00011110100
restricted,11100000011
development,00100001111
testing,10110000011
personnel,11110001100
uniquely,10011100011
identified,01010100100
could,00101010101
username,10011010010
associated,00011011110
password,11010011110
scheme,10100110111
would,10001101110
authenticate,00011110011
authorize,00011110101
grant,01110000110
parts,11010011100
cannot,00010001101
given,01110001001
order,11010100010
past,11010011011
attempts,00011010010
logged,01000000110
expectations,01101000000
different,00100000111
systems,10110010010
unrestricted,10011101011
aspects,00011001001
authority,00011110111
revoke,10100001110
privileges,11111111101
peruser,11110001101
basis,00010100010
hand,01010001111
require,11100010010
indicating,01011010000
level,01000010001
allows,00001110010
granted,01110000010
whatdoyouneedtodo,10001010110
login,01000000001
using,10011011100
unique,10011100001
identificationg,01010101100
secure,10100101111
mannerg,11000110000
encrypted,01101101011
passwords,11010011010
administrator,00001100000
properties,11111001001
defines,00100101011
within,10001111101
systemg,10110010011
subsystems,10110101101
tools,10010011011
ability,00000000001
create,00101110110
add,00000101001
remove,11100101011
edit,01100101000
block,00010101001
selectively,10101100000
blocked,00010101000
active,00000110100
sessions,10101111110
functionality,01110010011
cctns,00110001011
application,00001000100
focused,01111101101
providing,11111000001
police,11110110001
especially,01101010110
officers,11011111010
cutting,00101100101
edge,01100111000
easing,01100111011
day,00100100110
function,01110110000
registration,11100100011
citizens,00110110110
register,11100100000
complaints,00111101011
evidence,01101011011
facts,01111011000
investigation,01001110000
complaint,00111101010
forward,01110100100
module,11001110011
acts,00000111110
eases,01100111110
approach,00001000010
interaction,01001000101
exchange,01101001101
complainants,00111101110
initiated,01011001000
initiates,01011001001
facilitates,01111001011
introduces,01001010010
efficiencies,01100100100
automating,00011111011
entries,01101110010
made,11000001110
prosecution,11111001101
interfacing,01001011001
courts,00101010000
cases,00110000111
integral,01011000001
responsibilities,11100000101
designated,00100010111
constable,00111001010
station,10111111100
constantly,00111001110
interfaces,01001011000
aids,00001111000
platform,11110010110
court,00101010001
interactions,01001000100
search,10100111011
gives,01110001011
execute,01101000101
basic,00010100011
advanced,00001100101
particular,11010010111
person,11110000111
type,10010111110
crime,00101111100
modus,11001110000
operandi,11011101100
property,11111001011
also,00001110001
customize,00101101101
view,10011000001
criminalaccused,00101111101
makes,11000011111
easy,01100111001
enabling,01101101100
queries,11101001100
monthly,11001010110
rti,10100011111
related,11100100111
citizen,00110110010
conduit,00111010011
unitspersonnel,10011100101
use,10011110101
tool,10010011001
get,01110011001
acknowledgements,00000010001
turn,10010110100
little,01000001110
turnaround,10010111100
improves,01011111000
productivity,11111010110
helping,01010011111
cut,00101100100
short,10101110011
drudgery,01100110011
large,01000101011
amounts,00001010100
paperwork,11010110011
navigation,11001000110
provides,11111000011
role,10100011001
landing,01000101100
pages,11010110111
help,01010011010
navigating,11001000111
shows,10101010011
assigned,00011011001
alerts,00001111110
pending,11010001110
hence,01010011100
plan,11110010100
better,00010101110
greater,01110000001
efficiency,01100100101
configuration,00111010010
helps,01010011101
configured,00111010111
according,00000011001
states,10111110100
addition,00000101110
keeping,01001100111
elementsrules,01101100000
date,00100100001
proper,11111011000
act,00000110000
sections,10100101110
castes,00110000101
tribes,10010110010
created,00101110111
updated,10011111001
deleted,00100111011
modules,11001110001
provided,11111000010
arate,00011000001
enclosures,01101101101
nonfunctional,11011011000
specify,10111001011
qualitative,11101000110
attributes,00011010000
userfriendliness,10011010000
useracceptance,10011110011
solution,10101000000
detailed,00100011010
contextsensitive,00101000010
material,11000111100
possible,11110111111
actions,00000110010
scenarios,10100110110
offline,11011111011
online,11011101001
support,10110111101
log,01000000111
defects,00100101111
enhancement,01101111010
requests,11100010011
thereafter,10010000010
email,01101100001
sms,10101000110
chooses,00110010000
whenever,10001010001
taken,10110011101
alert,00001111010
enable,01101100100
submitted,10110100100
defect,00100101101
helpdesk,01010011110
categorywise,00110001110
statuswise,10111111010
age,00001101010
wise,10001110100
outside,11010101011
browser,00010010011
audit,00011110000
trail,10010010111
either,01100100011
triggers,10010110111
administrators,00001100001
unalterable,10010101010
capturing,00010000000
storing,10111101101
createreadupdatedelete,00101110101
case,00110000110
suspect,10110110010
initiating,01011001011
carrying,00110000010
event,01101011111
administrative,00000100000
word,10001111001
mean,11000111001
modified,11001110110
way,10001011011
subject,10110100101
redepartment,11101100101
copying,00101001011
removable,11100101010
media,11000101110
contents,00101000000
remain,11100101111
unchanged,10010101100
activated,00000110110
events,01101011110
manual,11000110001
intervention,01001010111
least,01000111100
life,01000010101
refers,11101100011
available,00011101000
inspection,01011000100
achieved,00000010110
authorised,00011110110
familiarity,01111011111
export,01111000111
trails,10010010110
specified,10111001010
affecting,00001101111
auditors,00011110001
wish,10001111100
examine,01101001011
analyse,00001011100
activity,00000111101
capture,00010000011
violations,10001000010
ie,01010100001
denied,00100110100
validly,10011001000
attempted,00011010110
mechanisms,11000101010
organised,11010100111
chronological,00110110001
workstation,10001101011
technically,10110001010
appropriate,00001000001
correspondences,00101011101
files,01111110000
functionalities,01110010001
allow,00001110101
limit,01000011101
groups,01010000001
rolebased,10100011011
member,11000100111
one,11011101000
group,01110000000
adminusers,00001100010
profiles,11111011100
allocate,00001111101
stipulate,10111111000
rights,10100001001
allocation,00001110100
superuser,10110111110
searches,10100111001
right,10100001011
responses,11100000100
display,01100001100
title,10010001110
existence,01101000110
indicate,01011110001
options,11010100011
presented,11111100101
increasing,01011110110
note,11011010101
requirement,11100010111
third,10010000111
option,11011100000
stringent,10111100000
implies,01011101011
include,01011111010
normally,11011010100
dealing,00100100111
matters,11000111111
national,11001001100
performs,11010000001
quick,11101001110
never,11011000100
list,01000011000
unauthorised,10010101110
activities,00000111100
involving,01001110110
documents,01100010100
need,11001000000
legal,01000110101
admissibility,00001100110
assist,00011011010
meaningful,11000111000
appropriately,00001000000
acted,00000110001
likely,01000011100
see,10100100101
ideally,01010101111
accompanied,00000001000
explanatory,01111000011
indication,01011010001
employ,01101100110
rules,10100011100
small,10101000101
familiar,01111011110
common,00110100011
look,11000000010
feel,01111010110
suspects,10110110011
customizable,00101101111
userconfigurable,10011110001
possibleg,11110111110
displayed,01100001101
columns,00110101100
move,11001011100
resize,11100011011
modify,11001110010
appearance,00001001110
configurations,00111010110
saved,10100110000
profile,11111010100
suitable,10110101001
special,10111000101
specialist,10111000100
guidelines,01010000101
end,01101101000
intuitive,01001010011
throughout,10010000100
persistent,11110000110
defaults,00100101100
desirable,00100011100
userdefinable,10011110000
item,01001111000
derived,00100110011
context,00101000001
file,01111010000
reference,11101100110
identifier,01010100101
frequentlyexecuted,01110111111
transactions,10010010010
designed,00100010101
completed,00111101000
employs,01101100101
graphical,01110000011
customise,00101101110
customisation,00101101010
menu,11000100000
layout,01000111011
screens,10100111101
keys,01001100011
onscreen,11011101011
colours,00110101101
fonts,01111100110
font,01111100111
sizes,10101001111
usability,10011111100
userintuitive,10011010011
comply,00111111011
standard,10111010010
iso,01001111111
ict,01010101011
guidance,01010000110
meet,11000101100
recommendations,11101111001
content,00111000000
wcag,10001011110
logo,01000000000
link,01000011010
home,01010110000
page,11010110101
equivalents,01101010001
nontext,11011011110
objects,11011010000
images,01011100001
video,10011000011
alternative,00001010001
equivalent,01101010000
textual,10010000001
descriptions,00100010011
textbased,10110000000
making,11000011101
selfdescriptive,10101100011
understand,10010100110
go,01110001010
next,11011001111
achieving,00000010010
selfdescriptiveness,10101100010
showing,10101010000
presentation,11111100110
segment,10100100111
window,10001110110
clear,00110110111
structure,10110100000
position,11110110100
respect,11100001110
offering,11011111101
paths,11010011001
unit,10011100010
offered,11011111100
strategies,10111101100
minimizing,11001111011
effort,01100100110
steps,10111111011
reach,11101011110
certain,00110001001
piece,11110001001
minimized,11001111001
mental,11000100011
models,11001110101
account,00000011010
splash,10111011110
avoided,00011101010
unless,10011101101
useful,10011110110
feedback,01111010111
screen,10100111100
skip,10101001100
opening,11011101111
unnecessary,10011101111
windows,10001110101
additional,00000101111
popup,11110110110
opened,11011101110
supports,10110110101
distract,01100011001
confuse,00111010100
impede,01011100111
variety,10011001110
reasons,11101110011
superimpose,10110111011
priy,11111111100
hiding,01010010111
relevant,11100100100
cognitively,00110101001
difficult,00100000010
effects,01100101100
closing,00110111110
unwanted,10011101000
vertical,10011000110
scrolling,10100111111
placing,11110011111
top,10010011110
links,01000011001
horizontal,01010110111
wherever,10001110000
designing,00100010100
device,00100001101
independence,01011110010
activation,00000110101
controls,00101000100
devices,00100001100
choose,00110010001
activating,00000110111
fields,01111010011
buttons,00010011110
prefer,11110100010
mobile,11001111101
disabilities,01100000000
operable,11011101101
keyboard,01001100010
face,01111001010
changing,00110011111
technology,10110001101
encompasses,01101101111
present,11111100010
containing,00111000011
newer,11011001101
technologies,10110001111
older,11011111000
agents,00001101001
well,10001010111
usable,10011110100
future,01110010100
acceptable,00000000100
download,01100010010
times,10010001111
implemented,01011101111
technical,10110001011
contexts,00101000011
bandwidth,00011100010
particularly,11010010101
frequently,01110111110
accessed,00000001111
exploration,01111000110
potential,11110101001
recover,11101101111
shown,10101010001
clearly,00110110101
reason,11101110001
resolve,11100001000
expect,01101000011
language,01000101111
formats,01110100001
units,10011100111
currency,00101111001
diverse,01100011110
elements,01100100000
temperatures,10110001100
phone,11110001111
postal,11110111011
codes,00110111000
resizable,11100011010
resized,11100011001
agent,00001101011
means,11000101000
quality,11101000111
spelling,10111011011
gram,01110000111
readability,11101010100
writing,10001101101
style,10110100111
reading,11101010110
understanding,10010100010
supported,10110111100
sentences,10101101110
division,01100011111
shorter,10101110001
chunks,00110110011
items,01001101000
bullet,00010010100
points,11110110000
supporting,10110110100
skimming,10101001101
provision,11111000000
bulleted,00010011100
lists,01000001010
highlighted,01010010010
keywords,01001100001
logical,01000000011
headings,01010011011
phrases,11110001110
readable,11101010101
characteristics,00110010100
spatial,10111000111
arrangement,00011001110
consulted,00111000111
legibility,01000110111
distinguishable,01100001000
withinpage,10001111111
lead,01000111110
dashed,00101100110
rather,11101011011
solid,10101000001
underlines,10010100111
overload,11010111011
proportions,11111001010
presence,11111100011
terminology,10110000111
representing,11100110001
main,11000001010
labelled,01000100111
terms,10110000110
hisher,01010010001
knowledge,01000100011
experience,01111000001
descriptive,00100010010
labels,01000100101
target,10110011010
purpose,11101000011
directly,00100000000
indicated,01011110000
label,01000100110
generic,01110011010
click,00110110100
except,01101001111
commonly,00110100001
understood,10010100011
semantics,10101100111
marking,11000110101
open,11011101010
ked,01001100100
distinguishing,01100011000
typical,10010111011
manipulating,11000010011
performing,11010000011
starting,10111110010
chat,00110010111
hpresentationrelated,01010111010
sorting,10111000001
printable,11111101011
document,01100011101
versions,10011000111
dispersed,01100000100
printerfriendly,11111101000
version,10011000101
prints,11111111000
paper,11010110010
orientation,11010100100
white,10001110010
space,10111000010
filled,01111110011
background,00011100101
color,00110101010
impair,01011100110
visual,10001000100
visually,10001001101
organizing,11010100101
distance,01100001010
blocks,00010111000
becomes,00010100111
rapid,11101001000
impeded,01011100101
selecting,10100100000
lengths,01000110001
length,01000110011
generally,01110011101
homepages,01010110011
overview,11010111010
read,11101011100
quickly,11101001010
longer,11000000011
want,10001001010
match,11000110100
counterpart,00101010110
colour,00110101111
care,00110000000
human,01010101000
capabilities,00010001100
restrictions,11100000001
perceiving,11010000100
conveying,00101001111
coding,00110101000
difficulties,00100000011
colors,00110101110
combinations,00110100101
avoid,00011101011
problems,11111110100
example,01101001010
back,00011101100
button,00010011111
bookking,00010111011
describe,00100110001
relate,11100100110
another,00001011010
alternatives,00001010010
framebased,01110101010
presenting,11111100100
textonly,10010000000
sheets,10101110111
turned,10010111101
alternatively,00001010011
consistent,00111001001
schemes,10100110101
finding,01111111100
similar,10101011101
preferable,11110100011
however,01010111110
purposes,11101000010
usually,10011011101
grouped,01010000000
categories,00110001101
category,00110001111
consistently,00111001011
titles,10010001010
placed,11110011010
location,01000000100
observing,11011110011
principles,11111101010
perception,11010000101
international,01001011111
standards,10111010001
mentioned,11000100001
practical,11110101100
found,01110101101
forms,01110100111
techniques,10110001110
menus,11001100000
command,00110100010
dialogues,00100000101
direct,00100000001
multimedia,11001011110
presentations,11111100111
design,00100010110
described,00100110000
plays,11110010011
key,01001100110
linking,01000011011
landk,01000101101
leading,01000111111
recognize,11101111011
site,10101001001
map,11000110110
consistency,00111001000
overviews,11010111110
conction,00111110000
maintained,11000011000
visible,10001000111
area,00011000101
framesets,01110101001
individualization,01011010010
adaptation,00000111000
adapting,00000101000
interest,01001001010
efficient,01100100111
approaches,00001000011
goals,01110001111
like,01000010100
customizing,00101101100
personal,11110000101
differently,00100000110
varying,10011001101
roles,10100011010
employees,01101100111
monitoring,11001010011
behaviour,00010101101
inferred,01011011100
observed,11011110001
recommending,11101101000
potentially,11110101011
interesting,01001001001
structures,10110100001
consideration,00111011011
evident,01101011001
predefined,11110100111
userspecified,10011010101
individualizing,01011010110
concept,00111110011
implications,01011101010
allowing,00001110110
delete,00100111001
demand,00100111101
follow,01111100100
wwwusabilitygov,10001101100
planned,11110010101
downtime,01100010001
exceed,01101001110
hours,01010110100
per,11010001100
considered,00111011001
unable,10010101011
normal,11011011111
attributed,00011010001
unplanned,10011101110
incidents,01011111011
restore,11100000010
inline,01011001110
synchronization,10110110000
adequate,00000100111
performed,11010000010
peak,11010001000
simple,10101011111
seconds,10100101011
multiple,11001011011
criteria,00101111111
regardless,11101100000
capacity,00010000111
returning,10100000100
retrieving,10100000111
retrieve,10100000110
months,11001010111
intended,01001000010
retrieval,10100000010
frequentlyused,01110111101
typically,10010111001
correlated,00101011110
recent,11101111111
infrequently,01011011110
slower,10101000100
scaleable,10100110011
features,01111010101
preclude,11110100101
stations,10111111101
handled,01010001010
bootstrap,00010111111
offers,11011111111
standardized,10111010011
ui,10010101001
framework,01110101000
maintains,11000011011
housingu,01010111111
utilize,10011011111
frontfacing,01110110010
every,01101011010
header,01010011001
additionally,00000101101
footer,01111100011
product,11111010010
run,10100010100
heroku,01010010100
cloud,00110111010
essentially,01101010111
receives,11101111101
line,01000011110
call,00010011000
referencing,11101100010
github,01110011000
repo,11100110101
compiles,00111101111
hosts,01010110101
isolated,01001111110
unix,10011101100
v,10011011110
hooks,01010110110
database,00101100001
deploys,00100110010
afterward,00001101110
passed,11010011111
calls,00010001000
select,10100100010
secured,10100101101
https,01010111000
prevent,11111101100
session,10101111010
hijacking,01010010011
captcha,00010000110
originates,11010101101
thus,10010001100
spam,10111000110
furthermore,01110010101
sensitive,10101101101
industry,01011010111
encryption,01101101001
emails,01101100011
randomized,11101001011
temporary,10110000101
plaintext,11110011100
identity,01010100110
theft,10010000011
searchfilter,10100111000
vacant,10011011010
define,00100101110
santa,10100010001
barbara,00011100001
dollars,01100010101
month,11001010010
rent,11100101001
localization,01000001101
feature,01111010100
united,10011100110
instantly,01011000110
find,01111110100
google,01110000100
show,10101110000
listings,01000001011
searching,10100101000
whichever,10001110011
geographical,01110011011
distances,01100001011
distancing,01100001001
high,01010010110
sites,10101001011
school,10100110100
districts,01100011010
parks,11010010000
malls,11000011100
restaurants,11100000110
traffic,10010010101
proximity,11101000000
patterns,11010011000
around,00011001111
give,01110001000
ideas,01010101101
commute,00111100010
work,10001101000
even,01101011101
friends,01110110101
house,01010111100
areas,00011000100
draw,01100010000
maps,11000110111
price,11111101111
comparing,00111100111
prices,11111101110
buyers,00010011010
comparisons,00111100100
many,11000110010
houses,01010111101
noise,11011001110
idea,01010101110
behind,00010101111
average,00011101001
might,11001101110
located,01000001100
near,11001000010
freeway,01110111001
college,00110101011
town,10010011101
parties,11010010100
lot,11000000100
isla,01001111101
vista,10001000101
details,00100011001
posted,11110111001
owners,11010111101
constraints,00111001100
bedrooms,00010100101
bathrooms,00010100110
square,10111011101
footage,01111100010
description,00100010001
website,10001010100
securely,10100101100
contact,00111000110
watch,10001011001
notified,11011010110
listing,01000001001
edited,01100101001
browse,00010010001
owner,11010111111
upload,10011111010
second,10100101001
generate,01110011111
minimization,11001101000
industrystandard,01011010101
compression,00111111111
safety,10100010010
protection,11111000100
accounts,00000011111
personallyidentifiable,11110000100
captchabased,00010000010
authentication,00011110010
minimize,11001111000
issues,01001111001
breach,00010110110
correctness,00101011010
implement,01011100100
method,11001100101
rental,11100101000
image,01011100000
postings,11110101000
automated,00011111111
bots,00010111101
posting,11110111000
beyond,00010101010
validity,10011011000
hooking,01010110010
api,00001001001
cross,00101111010
entered,01101111100
real,11101010011
impose,01011101000
duplicate,01100110101
adaptability,00000111011
adaptable,00000111001
sense,10101101100
displays,01100001111
functionally,01110010010
matter,11000111101
today,10010001011
tablet,10110010101
responsive,11100000111
css,00101111011
downscale,01100010011
viewer,10011000000
strict,10111100010
simply,10101011010
shrinks,10101010111
full,01110110011
switch,10110110001
larger,01000101001
replaced,11100111010
smaller,10101000111
oriented,11010101100
shrinking,10101010110
dropdown,01100110001
opposed,11011100001
inside,01011001100
bar,00011100011
budget,00010010110
tracker,10010010100
spent,10111011010
shopping,10101110010
write,10001101111
notes,11011010111
hit,01010010000
enter,01101111101
serial,10101101011
barcode,00011100000
deduct,00100100100
progress,11111011110
visualize,10001001100
progression,11111011010
x,10001100100
wants,10001001001
wanted,10001001011
increase,01011110101
rease,11101110000
recommended,11101111000
products,11111010111
superket,10110111010
name,11001001011
box,00010110101
figure,01111010001
appear,00001001010
halal,01010001100
essys,01101010101
nonhalal,11011011011
nameprize,11001001010
non,11011001010
statement,10111110101
ingredients,01011011011
recognition,11101111010
know,01000100001
approve,00011000000
jakim,01001101001
scan,10100110010
manufacture,11000110011
certificate,00110001000
detection,00100001001
clientserver,00110111101
computing,00111110110
consist,00111011000
server,10101101000
computer,00111110101
desktop,00100011101
client,00110111100
android,00001011110
studio,10110100110
develop,00100001110
communicate,00110100000
among,00001010111
tcpip,10110001001
protocol,11111000101
http,01010111001
ldap,01000111010
smtp,10101000010
interchange,01001001101
json,01001101100
string,10111100001
plain,11110011101
service,10101111011
peers,11010001011
implementation,01011101100
concentrate,00111110010
equipped,01101110000
camera,00010001001
facility,01111001000
fully,01110110001
advantage,00001100100
program,11111011101
firebase,01111111010
messagedata,11001100011
involved,01001110010
listed,01000001000
toolslibraries,10010011010
apache,00001001000
app,00001001011
fireb,01111111110
ase,00011001010
realtime,11101010001
html,01010111011
w,10001001111
jqueryajax,01001101111
methods,11001100100
multipart,11001011010
formdata,01110100110
strin,10111100011
perlldap,11110000011
cpan,00101110000
na,11001001001
section,10100101010
describes,00100010000
uc,10010111000
diagram,00100000100
web,10001011111
goal,01110001110
customer,00101101001
actor,00000111111
package,11010111100
assumption,00011011100
medium,11000101101
course,00101010011
alternate,00001010000
condition,00111010000
included,01011111110
extended,01111000100
customers,00101101011
advise,00001101100
fill,01111110001
permission,11110000010
logobarcode,11000000000
big,00010101011
execution,01101000111
soon,10111000000
implements,01011101110
compatibility,00111101100
latest,01000111001
internet,01001011101
documentation,01100011100
embedded,01101100010
uptime,10011111101
connectivity,00111011010
spring,10111011111
boot,00010111110
mysql,11001001000
frontend,01110110110
react,11101011101
js,01001101101
communicated,00111100000
accordingly,00000011011
interacting,01001000111
front,01110110111
ajax,00001111011
free,01110111000
project,11111011011
wait,10001001110
answers,00001011011
middle,11001101111
man,11000010100
knowledgepark,01000100010
forum,01110100101
questions,11101001101
admin,00000100001
analysis,00001011101
irrelevant,01001110100
satisfaction,10100010000
stands,10111110000
expectation,01101000001
operation,11011100110
good,01110001100
careful,00110000001
programming,11111011111
undesired,10010100001
situations,10101001010
operates,11011100101
halting,01010001101
robustness,10100011000
tackle,10110010100
disastrous,01100000011
words,10001111000
foul,01110101100
proof,11111011001
safeguards,10100010110
portable,11110110101
architecture,00011000010
easily,01100111010
transferable,10010010001
platforms,11110010010
friendliness,01110111100
learn,01000111101
native,11001000100
effectively,01100101111
friendly,01110110100
places,11110011110
convenience,00101001100
ids,01010100011
metro,11001101100
protected,11111001100
privacy,11111111110
whatever,10001010010
regarding,11101100001
carried,00110000011
java,01001101011
public,11101000001
durability,01100110100
tested,10110000010
working,10001101001
effectiveness,01100101101
maintainability,11000001000
aration,00011000011
business,00010011101
logic,01000000010
gui,01010000010
operate,11011100100
viewing,10001000001
book,00010111001
issuedreturned,01001111011
stock,10111101000
fit,01111111000
defined,00100101010
pillai,11110001000
institute,01011000010
engineering,01101111011
studies,10110100010
research,11100011111
department,00100110101
template,10110000100
interact,01001000110
mus,11001011001
asks,00011001011
incorrectly,01011110100
appears,00001001111
librarian,01000010010
looking,11000000110
interested,01001001011
inthen,01001010110
entering,01101110100
books,00010111010
addedit,00000101010
librarians,01000010110
panel,11010110110
addremove,00000101100
resource,11100001011
manage,11000010101
lending,01000110010
surety,10110110110
validation,10011011001
members,11000100110
id,01010101010
updating,10011111011
issue,01001111010
library,01000010111
policy,11110110010
assigning,00011011011
fine,01111111101
return,10100000101
accountability,00000011110
going,01110001101
chief,00110010011
campuses,00010001010
university,10011100100
interacts,01001001100
staff,10111010111
students,10110100011
therefore,10010000110
accurate,00000010101
nonexpected,11011001001
ways,10001011010
period,11010000000
inbuilt,01011111001
usernamepassword,10011010110
accommodate,00000001011
fault,01111011100
virus,10001000110
lost,11000000101
upsinverter,10011111111
supply,10110111111
anything,00001011000
hack,01010000100
admins,00001100011
creating,00101110100
install,01011000101
rule,10100011101
captures,00010000001
policies,11110110011
practices,11110100100
enforce,01101111000
ision,01001111100
infer,01011010100
existing,01101000010
datathis,00100100000
regulations,11100100010
abide,00000000000
cost,00101010100
discount,01100000111
illegal,01010100000
protocols,11111000111
neither,11011000110
assumed,00011011101
computers,00111110111
browsing,00010010010
internals,01001011110
rectify,11101100100
catastrophes,00110000100
guide,01010000111
educate,01100101011
facilities,01111001001
forgot,01111100001
migration,11001101010
registers,11100100001
replication,11100111100
branch,00010110111
still,10111111001
auto,00011111100
saving,10100110001
maintaining,11000011001
stable,10111010101
modern,11001110111
chrome,00110110000
enough,01101111110
rebroadcast,11101110110
broadcaster,00010110011
webcam,10001011101
preferably,11110100001
laptop,01000101110
catch,00110001100
ppcast,11110101111
simplicity,10101011110
mind,11001101011
added,00000101011
later,01000111000
mockup,11001111100
broadcasts,00010010000
point,11110010000
viewers,10001000000
side,10101010101
automatic,00011111110
homepage,01010110001
begin,00010100100
broadcasting,00010110000
webrtc,10001011100
specifically,10111001101
mediastream,11000101111
microphone,11001101101
abstracts,00000000111
complexities,00111111000
desktops,00100011111
laptops,01000101010
abstracted,00000000110
javascript,01001101010
websockets,10001010101
databases,00101100000
rtcpeerconnection,10100011110
sdp,10100111010
hides,01010010101
two,10010111111
worrying,10001101010
lower,11000001101
channels,00110011100
signaling,10101011100
uses,10011010100
dtls,01100110010
srtp,10111010100
focuses,01111101100
ice,01010101001
connecting,00111011101
try,10010110101
connect,00111011100
udp,10010101000
latency,01000101000
fails,01111011001
tcp,10110001000
finally,01111110101
servers,10101111000
adopting,00001100111
requires,11100010100
party,11010011101
behavior,00010101100
peoples,11010001101
live,01000001111
userfriendly,10011010001
filters,01111110110
broadcast,00010110010
whats,10001010011
coming,00110100110
disconnect,01100000010
people,11010001111
resources,11100001010
constraining,00111001111
peer,11010001001
intelligently,01001000011
interrupted,01001011100
encounters,01101101010
cameras,00010001011
mozilla,11001011101
firefox,01111111011
broadcasters,00010110001
sharing,10101110101
happen,01010001000
immediately,01011100011
joining,01001101110
sudden,10110101010
unexpected,10011100000
disconnections,01100000110
trigger,10010110110
streaming,10111100111
ex,01101001001
leaving,01000110100
gracefully,01110000101
rebroadcasting,11101110111
apple,00001001101
macbook,11000001111
pros,11111001111
baseline,00010100001
mainly,11000001011
bottlenecked,00010111100
implementations,01011101101
odingtranscoding,11011110100
ethically,01101011100
morally,11001010101
assume,00011011111
recorded,11101101010
private,11111111111
anyone,00001011001
dtlssrtp,01100110110
nave,11001000101
denial,00100111100
attacks,00011010101
instance,01011000111
degrade,00100101000
stre,10111100100
attempt,00011010111
lowbandwidth,11000001100
overlay,11010111001
ppcasts,11110101101
peertopeer,11010001010
core,00101001001
serverside,10101111001
unusual,10011101001
environments,01101110001
correctn,00101011011
talk,10110011110
clientside,00110111111
portability,11110110111
reliability,11100101100
sure,10110110111
resolved,11100001001
cause,00110001010
undue,10010100000
reusability,10100001100
reusable,10100001101
conflict,00111010101
exclusion,01101000100
meeting,11000100100
preference,11110100000
planning,11110010111
cancel,00010001110
replanning,11100111111
resolution,11100011000
participant,11010010010
reliable,11100101101
replies,11100110100
awareness,00011101101
negotiation,11011000010
exchanged,01101001100
participants,11010010110
initiator,01011001010
proceedings,11111110111
meetings,11000100101
expressed,01111000101
constraint,00111001101
preferences,11111100000
attend,00011010011
sdms,10100111110
rearrange,11101010000
preferred,11111100001
changed,00110011010
datelocation,00100100011
accommodated,00000001001
cancelled,00010001111
disaster,01100000001
occurs,11011110101
reschedule,11100011100
stated,10111110111
managed,11000010110
invoke,01001110001
moreover,11001010100
monitored,11001010001
nonexperts,11011001000
elapsed,01100100001
sending,10101100100
wonder,10001111011
bound,00010110100
determination,00100001011
actual,00000111010
extensibility,01111001100
explicit,01111000010
priorities,11111111011
dates,00100100010
dependencies,00100110111
enforced,01101111001
nonprivileged,11011011010
aware,00011101111
much,11001011111
entralized,01101110110
independently,01011110011
whereabouts,10001010000
professional,11111010101
characterized,00110010101
allocated,00001111100
office,11011111110
leisure,01000110110
flexible,01111101111
rescheduling,11100011101
dynamically,01100111111
flexibility,01111101110
evolving,01101001000
concerned,00111110001
reached,11101011111
accuracythe,00000010100
accurately,00000010111
distributed,01100011011
