lambda_gram,embedding
knowledge,01000100011
detailed,00100011010
simple,10101011111
font,01111100111
meta,11001100110
facilitates,01111001011
subject,10110100101
resizable,11100011010
usable,10011110100
helping,01010011111
compare,00111100110
mainly,11000001011
relevant,11100100100
reporting,11100110010
rights,10100001001
enabling,01101101100
disk,01100000101
industrystandard,01011010101
take,10110011100
least,01000111100
stopped,10111101011
inline,01011001110
degrade,00100101000
prints,11111111000
processor,11111110000
x,10001100100
respect,11100001110
listing,01000001001
proposed,11111001110
exchange,01101001101
criminalaccused,00101111101
distances,01100001011
monthly,11001010110
category,00110001111
consistent,00111001001
maintain,11000001001
presentations,11111100111
date,00100100001
sufficient,10110101011
authenticate,00011110011
cloud,00110111010
template,10110000100
attributes,00011010000
stamp,10111010110
datathis,00100100000
reboot,11101110010
rebroadcasting,11101110111
lowbandwidth,11000001100
products,11111010111
captures,00010000001
log,01000000111
frames,01110101011
stated,10111110111
selectable,10100100011
inbuilt,01011111001
medium,11000101101
retrieving,10100000111
less,01000110000
wise,10001110100
allowing,00001110110
colors,00110101110
dashed,00101100110
inferred,01011011100
metro,11001101100
captcha,00010000110
sudden,10110101010
organised,11010100111
existing,01101000010
internally,01001011010
reach,11101011110
loss,11000000111
camera,00010001001
manipulating,11000010011
complaint,00111101010
practical,11110101100
edge,01100111000
requirements,11100010101
students,10110100011
asks,00011001011
user,10011110010
attempt,00011010111
unwanted,10011101000
unit,10011100010
entered,01101111100
hooks,01010110110
receives,11101111101
input,01011001111
nonexperts,11011001000
later,01000111000
individualization,01011010010
superuser,10110111110
gui,01010000010
ready,11101010010
program,11111011101
tcpip,10110001001
unitspersonnel,10011100101
citizen,00110110010
differently,00100000110
selfmonitoring,10101100110
complaints,00111101011
steps,10111111011
defect,00100101101
assigned,00011011001
paths,11010011001
intact,01011000011
also,00001110001
observational,11011110000
menu,11000100000
incoming,01011111100
designed,00100010101
recent,11101111111
blocked,00010101000
legal,01000110101
statuswise,10111111010
messagedata,11001100011
correspondences,00101011101
dollars,01100010101
considered,00111011001
hides,01010010101
retrieve,10100000110
mus,11001011001
invalid,01001010001
show,10101110000
combinations,00110100101
consist,00111011000
clientside,00110111111
complexities,00111111000
examine,01101001011
logic,01000000010
public,11101000001
admins,00001100011
modus,11001110000
environments,01101110001
policies,11110110011
via,10011000010
reason,11101110001
capacity,00010000111
data,00101100011
total,10010011111
advanced,00001100101
opposed,11011100001
disruptions,01100001110
uses,10011010100
ice,01010101001
regulations,11100100010
roles,10100011010
call,00010011000
toolslibraries,10010011010
laptops,01000101010
external,01111001111
working,10001101001
grouped,01010000000
userfriendly,10011010001
ordered,11010100110
construct,00111000100
suitable,10110101001
bullet,00010010100
temperatures,10110001100
install,01011000101
showing,10101010000
points,11110110000
size,10101001110
problems,11111110100
handled,01010001010
initiated,01011001000
breach,00010110110
sent,10101101111
move,11001011100
manual,11000110001
range,11101001001
results,10100000000
currently,00101101000
connecting,00111011101
buffering,00010010101
operates,11011100101
descriptive,00100010010
srtp,10111010100
automatic,00011111110
perform,11010000111
single,10101011000
look,11000000010
structures,10110100001
alternative,00001010001
convenience,00101001100
making,11000011101
mannerg,11000110000
reversible,10100001111
searches,10100111001
included,01011111110
suspect,10110110010
interacts,01001001100
supports,10110110101
documentation,01100011100
found,01110101101
becomes,00010100111
nonhalal,11011011011
values,10011001011
responsibilities,11100000101
requires,11100010100
better,00010101110
integration,01001000000
javascript,01001101010
addremove,00000101100
details,00100011001
portable,11110110101
multimedia,11001011110
superimpose,10110111011
entry,01101110011
enough,01101111110
files,01111110000
aggregate,00001101000
right,10100001011
visible,10001000111
execution,01101000111
guarantee,01010000011
national,11001001100
currency,00101111001
cpu,00101110001
processing,11111110001
plaintext,11110011100
ase,00011001010
basis,00010100010
check,00110010110
bedrooms,00010100101
mental,11000100011
parties,11010010100
java,01001101011
customise,00101101110
peak,11010001000
ideally,01010101111
constantly,00111001110
names,11001001110
screen,10100111100
citizens,00110110110
register,11100100000
avoided,00011101010
impede,01011100111
officers,11011111010
longer,11000000011
table,10110010110
staff,10111010111
function,01110110000
however,01010111110
achieving,00000010010
home,01010110000
like,01000010100
lengths,01000110001
patterns,11010011000
impact,01011100010
books,00010111010
unconverted,10010100100
neither,11011000110
difficulties,00100000011
linking,01000011011
native,11001000100
period,11010000000
different,00100000111
tolerance,10010001000
idea,01010101110
computation,00111111101
wcag,10001011110
desirable,00100011100
priy,11111111100
arising,00011001101
approve,00011000000
unchanged,10010101100
correction,00101001000
affect,00001101101
position,11110110100
buttons,00010011110
real,11101010011
goals,01110001111
rti,10100011111
whatdoyouneedtodo,10001010110
standardized,10111010011
two,10010111111
login,01000000001
acted,00000110001
configurations,00111010110
characterized,00110010101
corrections,00101011000
component,00111111010
industry,01011010111
temporary,10110000101
lists,01000001010
acts,00000111110
clear,00110110111
inside,01011001100
disconnections,01100000110
vertical,10011000110
google,01110000100
broadcast,00010110010
ingredients,01011011011
product,11111010010
around,00011001111
facilities,01111001001
replacement,11100111110
much,11001011111
ppcast,11110101111
durability,01100110100
deduct,00100100100
chain,00110011000
used,10011110111
rescheduling,11100011101
bookking,00010111011
unavailable,10010101101
passed,11010011111
authorized,00011110100
application,00001000100
state,10111110110
item,01001111000
formats,01110100001
abstracted,00000000110
increase,01011110101
button,00010011111
customizing,00101101100
colour,00110101111
